Class,Precision,Recall,F1-Score,Support
calgary,0.9919436052366566,0.985,0.9884596086302058,1000
charlottetown,0.9970089730807578,1.0,0.9985022466300549,1000
edmonton,0.9979818365287588,0.989,0.99347061778001,1000
halifax,1.0,0.999,0.9994997498749375,1000
hamilton,0.9754661432777233,0.994,0.9846458642892522,1000
kitchener-waterloo,0.9868421052631579,0.975,0.9808853118712274,1000
montreal,0.9929718875502008,0.989,0.9909819639278558,1000
ottawa-gatineau,0.9768844221105528,0.972,0.9744360902255639,1000
quebec_city,0.995987963891675,0.993,0.9944917376064096,1000
saskatoon,1.0,0.999,0.9994997498749375,1000
st_johns,0.998,0.998,0.998,1000
toronto,0.9680638722554891,0.97,0.9690309690309691,1000
vancouver,0.9850894632206759,0.991,0.9880358923230309,1000
victoria,0.9861523244312562,0.997,0.991546494281452,1000
winnipeg,0.995004995004995,0.996,0.9955022488755623,1000
MACRO AVG,0.9898265061234599,0.9898,0.989799236348098,15000
ACCURACY,0.9898,0.9898,0.9898,15000
